method,scene,vebench_qa,video_path,source_path,prompt,status
venhancer_n30,scene01,NA,/root/realwonder_test/i2v_v2v_physics/outputs/normalized_256/v2v/venhancer_n30/scene01_seed0.mp4,/root/realwonder_test/i2v_v2v_physics/outputs/normalized_256/stage1/scene01_seed0.mp4,"Enhance the visual quality while preserving the original motion, subject identity, and scene structure.",failed_missing_official_checkpoints
venhancer_n30,scene02,NA,/root/realwonder_test/i2v_v2v_physics/outputs/normalized_256/v2v/venhancer_n30/scene02_seed0.mp4,/root/realwonder_test/i2v_v2v_physics/outputs/normalized_256/stage1/scene02_seed0.mp4,"Enhance the visual quality while preserving the original motion, subject identity, and scene structure.",failed_missing_official_checkpoints
venhancer_n30,scene03,NA,/root/realwonder_test/i2v_v2v_physics/outputs/normalized_256/v2v/venhancer_n30/scene03_seed0.mp4,/root/realwonder_test/i2v_v2v_physics/outputs/normalized_256/stage1/scene03_seed0.mp4,"Enhance the visual quality while preserving the original motion, subject identity, and scene structure.",failed_missing_official_checkpoints
dyref_head_v2_e20_256,scene01,NA,/root/realwonder_test/i2v_v2v_physics/outputs/normalized_256/v2v/dyref_head_v2_e20_256/scene01_seed0.mp4,/root/realwonder_test/i2v_v2v_physics/outputs/normalized_256/stage1/scene01_seed0.mp4,"Enhance the visual quality while preserving the original motion, subject identity, and scene structure.",failed_missing_official_checkpoints
dyref_head_v2_e20_256,scene02,NA,/root/realwonder_test/i2v_v2v_physics/outputs/normalized_256/v2v/dyref_head_v2_e20_256/scene02_seed0.mp4,/root/realwonder_test/i2v_v2v_physics/outputs/normalized_256/stage1/scene02_seed0.mp4,"Enhance the visual quality while preserving the original motion, subject identity, and scene structure.",failed_missing_official_checkpoints
dyref_head_v2_e20_256,scene03,NA,/root/realwonder_test/i2v_v2v_physics/outputs/normalized_256/v2v/dyref_head_v2_e20_256/scene03_seed0.mp4,/root/realwonder_test/i2v_v2v_physics/outputs/normalized_256/stage1/scene03_seed0.mp4,"Enhance the visual quality while preserving the original motion, subject identity, and scene structure.",failed_missing_official_checkpoints
dyref_head_v3_edge075_temp015_e20_256,scene01,NA,/root/realwonder_test/i2v_v2v_physics/outputs/normalized_256/v2v/dyref_head_v3_edge075_temp015_e20_256/scene01_seed0.mp4,/root/realwonder_test/i2v_v2v_physics/outputs/normalized_256/stage1/scene01_seed0.mp4,"Enhance the visual quality while preserving the original motion, subject identity, and scene structure.",failed_missing_official_checkpoints
dyref_head_v3_edge075_temp015_e20_256,scene02,NA,/root/realwonder_test/i2v_v2v_physics/outputs/normalized_256/v2v/dyref_head_v3_edge075_temp015_e20_256/scene02_seed0.mp4,/root/realwonder_test/i2v_v2v_physics/outputs/normalized_256/stage1/scene02_seed0.mp4,"Enhance the visual quality while preserving the original motion, subject identity, and scene structure.",failed_missing_official_checkpoints
dyref_head_v3_edge075_temp015_e20_256,scene03,NA,/root/realwonder_test/i2v_v2v_physics/outputs/normalized_256/v2v/dyref_head_v3_edge075_temp015_e20_256/scene03_seed0.mp4,/root/realwonder_test/i2v_v2v_physics/outputs/normalized_256/stage1/scene03_seed0.mp4,"Enhance the visual quality while preserving the original motion, subject identity, and scene structure.",failed_missing_official_checkpoints
